Workbook

Sheet Recueil
A1: Évaluation vitesse de marche – 4 m lancés (usuel vs rapide)
A2: Remplir uniquement les cellules en bleu. Chronométrer la zone de 4 m (lancés) ; noter les temps en secondes.
A4: Informations patient
A5: Identifiant | D5: Date | G5: Groupe | H5: MCO
A6: Âge (ans) | D6: Sexe
A7: Taille (cm) | D7: Poids (kg)
A8: Diagnostic/Contexte | D8: Évaluateur | E8: SL
A10: Paramètres du test
A11: Distance chronométrée (m) | B11: 4 | D11: Élan (m) (reco: 2) | E11: 2
A12: Décélération (m) (reco: 2) | B12: 2 | D12: Surface / chaussures
A14: Essais – Vitesse USUELLE
A15: Essai | B15: Temps (s) | C15: Note (option)
A16: 1
A17: 2
A18: 3
A20: Essais – Vitesse RAPIDE (sécuritaire)
A21: Essai | B21: Temps (s) | C21: Note (option)
A22: 1
A23: 2
A24: 3
A26: Essais alternés (option) – coût de switch
A27: Usuel APRÈS rapide – temps (s)
A28: Rapide APRÈS usuel – temps (s)
A30: Double tâche (option)
A31: Type de double tâche (ex: 100-7, animaux, etc.)
A33: Usuel DT – essai 1 (s) | D33: Usuel DT – essai 2 (s) | G33: 5TSTS (s)
A35: Rapide DT – essai 1 (s) | D35: Rapide DT – essai 2 (s) | G35: Parachutes | H35: ant ok; post ko
A37: Equilibre unipodal | B37: D XX; G XX | D37: Equilibre tandem + (s) | E37: tandem ; 11 | G37: TUG
D39: Handgrip | E39: D+ XX, xx, xx, G- XX, xx, xx
A41: Notes globales (option)

Sheet Résultats
A1: Résultats automatiques (à partir des temps du Recueil)
A2: Les cellules noires sont calculées automatiquement. Les champs vides indiquent qu'il manque des essais.
G3: Notes globales (option)
A4: Vitesse usuelle
A5: Temps moyen (s) | B5: =IF(COUNT(Recueil!$B$16:$B$18)>0,AVERAGE(Recueil!$B$16:$B$18),"")
A6: Écart-type (s) | B6: =IF(COUNT(Recueil!$B$16:$B$18)>1,_xlfn.STDEV.S(Recueil!$B$16:$B$18),"")
A7: CV (%) | B7: =IF(AND(B5<>"",B6<>""),B6/B5*100,"")
A8: Vitesse (m/s) | B8: =IF(B5<>"",Recueil!$B$11/B5,"")
A9: Drift (dernier - premier) (s) | B9: =IF(COUNT(Recueil!$B$16:$B$18)=3,Recueil!$B$18-Recueil!$B$16,IF(COUNT(Recueil!$B$16:$B$18)=2,Recueil!$B$17-Recueil!$B$16,""))
A11: Vitesse rapide
A12: Temps moyen (s) | B12: =IF(COUNT(Recueil!$B$22:$B$24)>0,AVERAGE(Recueil!$B$22:$B$24),"") | E12: Coefficient de variation des vitesses globales (%)
A13: Écart-type (s) | B13: =IF(COUNT(Recueil!$B$22:$B$24)>1,_xlfn.STDEV.S(Recueil!$B$22:$B$24),"") | E13: =(_xlfn.STDEV.S(Recueil!B22:B24,Recueil!B16:B18,Recueil!B33,Recueil!E33,Recueil!B35,Recueil!E35)/AVERAGE(Recueil!B16:B18,Recueil!B22:B24,Recueil!B33,Recueil!E33,Recueil!E35,Recueil!B35))*100 -> #DIV/0!
A14: CV (%) | B14: =IF(AND(B12<>"",B13<>""),B13/B12*100,"")
A15: Vitesse (m/s) | B15: =IF(B12<>"",Recueil!$B$11/B12,"")
A16: Drift (dernier - premier) (s) | B16: =IF(COUNT(Recueil!$B$22:$B$24)=3,Recueil!$B$24-Recueil!$B$22,IF(COUNT(Recueil!$B$22:$B$24)=2,Recueil!$B$23-Recueil!$B$22,""))
L17: Adaptabilité DT (réserve de vitesse)
A18: Adaptabilité (réserve de vitesse) | L18: ΔV (m/s) = V_rapide - V_usuel | M18: =4/B30-4/B29 -> #VALUE!
A19: ΔV (m/s) = V_rapide - V_usuel | B19: =IF(AND(B8<>"",B15<>""),B15-B8,"") | L19: %ΔV (%) | M19: =((4/B30)/(4/B29)-1)*100 -> #VALUE!
A20: %ΔV (%) | B20: =IF(AND(B8<>"",B15<>""),(B15/B8-1)*100,"") | L20: Rapport V_rapide / V_usuel | M20: =(4/B30)/(4/B29) -> #VALUE!
A21: Rapport V_rapide / V_usuel | B21: =IF(AND(B8<>"",B15<>""),B15/B8,"") | E21: DTC sur variabilité | F21: =B20-D30 -> #VALUE! | L21: DTC (sur adaptabilité) (%) | M21: =(B20/M19-1)*100 -> #VALUE!
A23: Coût de switch (option)
A24: Usuel après rapide – Δt (s) vs temps moyen usuel | B24: =IF(AND(Recueil!$B$27<>"",B5<>""),Recueil!$B$27-B5,"")
A25: Rapide après usuel – Δt (s) vs temps moyen rapide | B25: =IF(AND(Recueil!$B$28<>"",B12<>""),Recueil!$B$28-B12,"")
A28: Double tâche (option)
A29: Temps moyen usuel DT (s) | B29: =IF(COUNT(Recueil!$B$33,Recueil!$E$33)>0,AVERAGE(Recueil!$B$33,Recueil!$E$33),"") | C29: =4/B29 -> #VALUE!
A30: Temps moyen rapide DT (s) | B30: =IF(COUNT(Recueil!$B$35,Recueil!$E$35)>0,AVERAGE(Recueil!$B$35,Recueil!$E$35),"") | C30: =4/B30 -> #VALUE!
A31: DTC usuel (%) | B31: =IF(AND(B29<>"",B5<>""),(B29/B5-1)*100,"")
A32: DTC rapide (%) | B32: =IF(AND(B30<>"",B12<>""),(B30/B12-1)*100,"")
A34: Lecture rapide (à utiliser avec le contexte clinique): • ΔV / %ΔV = réserve de vitesse (adaptabilité) • CV = stabilité (variabilité intra-consigne) • Drift = fatigabilité (sur répétitions) • Switch = coût du changement de consigne • DTC = coût de double tâche (attention/exécutif)

Sheet LISTES
D1: tandem | G1: Patients | H1: Parachutes
D2: RPdS ; xx | G2: 0 | H2: ant ok; post ko
D3: 1/2tandem ; xx | G3: GMCO-MA-001 - ANDREO MARYVONNE | H3: ant ko; post ko
D4: tandem ; xx | G4: GMCO-NH-004 - HERBRECHT NOELLE | H4: ant ko; post ok
G5: GMCO-AC-003 - CHAREYRON ARLETTE | H5: ant ok; post ok
